<?xml version="1.0" encoding="UTF-8" standalone="no"?>
<!--
  *****************************
  mic
  *****************************
  Copyright (C) 2013 deib-polimi
  *****************************
  Licensed under the Apache License, Version 2.0 (the "License");
  you may not use this file except in compliance with the License.
  You may obtain a copy of the License at
  
       http://www.apache.org/licenses/LICENSE-2.0
  
  Unless required by applicable law or agreed to in writing, software
  distributed under the License is distributed on an "AS IS" BASIS,
  WITHOUT WARRANTIES OR CONDITIONS OF ANY KIND, either express or implied.
  See the License for the specific language governing permissions and
  limitations under the License.
  *****************************
  -->

<persistence version="1.0" xmlns="http://java.sun.com/xml/ns/persistence"
xmlns:xsi="http://www.w3.org/2001/XMLSchema-instance"
xsi:schemaLocation="http://java.sun.com/xml/ns/persistence http://java.sun.com/xml/ns/persistence/persistence_1_0.xsd"><persistence-unit name="MyPersistenceUnit" transaction-type="JTA">
	<provider>org.eclipse.persistence.jpa.PersistenceProvider</provider> 
	<jta-data-source>YOUR-SOURCE-IN-GLASSFISH</jta-data-source>
	<class>it.polimi.modaclouds.cloudapp.mic.entity.Topic</class>
	<class>it.polimi.modaclouds.cloudapp.mic.entity.UserRatings</class>
	<exclude-unlisted-classes>false</exclude-unlisted-classes>
	<properties>
      <property name="javax.persistence.jdbc.password" value="DATABASE-USER"/>
		<property name="javax.persistence.jdbc.user" value="DATABASE-PASSWROD"/>
		<property name="javax.persistence.driver" value="com.mysql.jdbc.Driver"/>
		<property name="javax.persistence.url" value="DATABASE-CONNECTION"/>
		<property name="eclipselink.ddl-generation" value="create-tables"/>
		<property name="eclipselink.logging.level" value="INFO"/>
			<property name="account.name" value="DATABASE-USER"/>
		<property name="account.key" value="DATABASE-PASSWORD"/>
	</properties>
</persistence-unit>
</persistence>